id,target
0,0.5751475
2,0.58613497
3,0.8002046
9,0.18017478
11,0.6261027
12,0.58783215
21,0.11943618
22,0.043122202
27,0.17527336
29,0.17999655
30,0.18017478
35,0.18017478
42,0.13962902
43,0.14525661
45,0.18017478
46,0.53758925
47,0.073636055
51,0.64568096
58,0.23478085
60,0.08695422
69,0.18017478
70,0.41247904
72,0.08461356
75,0.49610984
84,0.4009457
87,0.09836424
88,0.17213371
90,0.34768453
94,0.1719578
99,0.86146015
101,0.25930604
103,0.58071786
106,0.83238304
108,0.58187824
111,0.7487017
115,0.22626418
116,0.68873125
122,0.4345251
123,0.57234424
124,0.5788907
125,0.29980874
127,0.5600719
140,0.49136052
142,0.5908033
147,0.07533826
148,0.14470208
150,0.12699781
152,0.24197395
154,0.33876348
155,0.24197395
166,0.1670354
167,0.112643726
169,0.93871284
177,0.24197395
179,0.18061139
181,0.25323385
186,0.1793054
188,0.60464805
189,0.03771229
192,0.18061139
200,0.64884466
202,0.5682411
206,0.5637414
207,0.6030278
214,0.9320373
217,0.92950016
223,0.40171906
224,0.9402321
227,0.7292046
228,0.80747837
230,0.6826525
233,0.9323419
234,0.9751306
236,0.9788916
239,0.9751306
250,0.97757417
255,0.41978255
257,0.21546213
259,0.28846404
275,0.89490885
278,0.10856149
282,0.14545925
284,0.06278876
286,0.48307395
288,0.9608671
292,0.49761498
295,0.25327247
300,0.1713613
304,0.777631
305,0.777631
306,0.236674
308,0.18940589
311,0.18217984
317,0.24346234
319,0.16432437
323,0.030148044
324,0.06332511
325,0.15347484
326,0.29993495
333,0.15384787
339,0.09041047
342,0.07859589
343,0.17713733
350,0.22594282
351,0.44519094
357,0.6686634
359,0.27826253
362,0.22197543
366,0.19508289
367,0.27826253
369,0.27826253
373,0.42194077
374,0.23382421
376,0.18317716
377,0.27826253
378,0.27826253
379,0.44287392
382,0.612825
385,0.612825
387,0.36985755
388,0.27826253
391,0.27826253
392,0.27826253
395,0.27826253
399,0.13090613
400,0.2809232
403,0.10389311
405,0.2185133
408,0.04885831
411,0.1611858
414,0.1705714
416,0.12531334
417,0.23999499
422,0.15005013
425,0.075458765
428,0.28559673
430,0.19474787
431,0.30190054
433,0.29577154
434,0.10389311
439,0.080969185
441,0.10389311
449,0.4206944
458,0.3801027
460,0.36238638
464,0.14192179
473,0.39019492
488,0.08495824
491,0.16264394
494,0.745132
497,0.08164893
500,0.31533924
505,0.10666708
507,0.1466355
508,0.0776614
510,0.10075168
511,0.08585971
515,0.5577887
525,0.14636788
529,0.10666708
532,0.10666708
534,0.10666708
537,0.3021036
539,0.39388064
541,0.10666708
545,0.09108293
547,0.8542595
548,0.9814206
549,0.92390394
553,0.67174995
554,0.20453879
555,0.78250545
557,0.5243214
562,0.3814881
566,0.6129365
572,0.511435
573,0.2645339
582,0.6844058
586,0.5591633
587,0.18017478
590,0.9814206
591,0.32901773
593,0.38514587
595,0.5243214
596,0.37472215
597,0.2987662
601,0.22352555
602,0.1099784
605,0.78693134
610,0.48662844
616,0.14406182
618,0.8348416
620,0.49086568
626,0.38698724
627,0.17237762
629,0.09234347
632,0.54571784
634,0.75522375
639,0.35245925
645,0.9359215
647,0.8369711
648,0.14504565
650,0.6153593
663,0.67707443
666,0.51645917
668,0.529718
670,0.29331827
673,0.72879726
676,0.49461237
678,0.041883014
692,0.5921219
693,0.5383747
694,0.61647123
695,0.62117034
696,0.97540987
698,0.8238184
701,0.119221695
703,0.9157527
707,0.9157527
708,0.8273843
711,0.9157527
715,0.9157527
718,0.30792752
722,0.09796847
723,0.26234013
733,0.9157527
741,0.25852874
742,0.9157527
743,0.15150142
747,0.15625224
749,0.32135868
750,0.07814691
756,0.06826194
757,0.25453332
760,0.029073609
764,0.09889839
765,0.29471418
766,0.35085952
768,0.4519952
769,0.07356042
771,0.29370385
772,0.2982733
776,0.49283555
778,0.36366922
780,0.27670008
785,0.19768988
789,0.32712016
792,0.16922565
793,0.18298337
811,0.702003
813,0.153245
816,0.104373194
821,0.0891715
824,0.26919392
825,0.35904655
827,0.4167863
830,0.32599884
831,0.6820322
839,0.6820322
844,0.40274182
847,0.65445024
850,0.31066272
854,0.7763184
855,0.68745226
858,0.4163403
861,0.65445024
862,0.23604992
865,0.59482425
869,0.6750702
879,0.39717713
880,0.6682253
887,0.20741236
889,0.8161017
897,0.45268705
900,0.34914255
901,0.20597114
904,0.5384228
908,0.5335288
909,0.5335288
910,0.8161017
913,0.29062492
914,0.34709927
917,0.31367457
918,0.8161017
920,0.45268705
922,0.3654013
924,0.3654013
925,0.15015265
927,0.34576714
933,0.06746122
937,0.2184866
943,0.18017478
949,0.104544826
950,0.6113192
954,0.27346182
966,0.18017478
967,0.15135345
969,0.1611858
970,0.8218874
973,0.1186231
975,0.3179648
980,0.12293025
988,0.11521502
989,0.20558174
995,0.6417201
1000,0.22339514
1003,0.13164261
1007,0.13796213
1011,0.6062415
1012,0.1609986
1013,0.13193369
1014,0.20417874
1016,0.9611366
1019,0.28019193
1025,0.16160208
1027,0.6062415
1028,0.9098325
1030,0.13587698
1033,0.6759526
1034,0.25285402
1039,0.11324483
1046,0.106845066
1047,0.056945767
1053,0.41710648
1055,0.17633413
1056,0.2490454
1059,0.19063856
1060,0.07865178
1063,0.17032051
1064,0.16622248
1068,0.102724314
1076,0.0848828
1086,0.08093321
1087,0.049696356
1089,0.21572952
1092,0.116215065
1095,0.1275901
1096,0.10310816
1097,0.08562102
1100,0.116215065
1101,0.12240899
1107,0.05254103
1108,0.09407979
1111,0.08030139
1115,0.14957784
1116,0.116215065
1121,0.07875926
1125,0.07535501
1127,0.17650518
1131,0.61673176
1133,0.694447
1135,0.16330498
1137,0.19604167
1140,0.17999655
1144,0.2208388
1147,0.5978439
1148,0.2609714
1150,0.20428032
1158,0.13227881
1159,0.19146083
1161,0.08514654
1163,0.45776922
1165,0.50251895
1169,0.13450658
1171,0.08173972
1172,0.09550574
1176,0.11670578
1180,0.3819515
1184,0.18017478
1186,0.094969474
1187,0.12312855
1192,0.30729792
1193,0.12989731
1194,0.20903347
1197,0.33828312
1200,0.12022838
1205,0.17634656
1210,0.16933472
1216,0.12027078
1220,0.16132323
1231,0.07780322
1233,0.28332633
1246,0.17031622
1247,0.07553263
1248,0.18017478
1255,0.23267202
1256,0.04052153
1257,0.3234703
1258,0.2751886
1260,0.23162337
1261,0.09727881
1265,0.36212987
1266,0.10585873
1268,0.17614809
1274,0.3530294
1281,0.16344401
1285,0.3670141
1286,0.13825868
1291,0.177511
1292,0.1284304
1295,0.09866896
1299,0.076494396
1306,0.14555715
1310,0.16411874
1311,0.07179816
1313,0.070379876
1314,0.055117875
1322,0.08681225
1323,0.4154986
1325,0.13766773
1329,0.20578204
1330,0.08560152
1333,0.2821185
1336,0.38629737
1339,0.11049085
1342,0.16961348
1344,0.15609188
1355,0.96238714
1357,0.067186676
1358,0.16023433
1359,0.071222916
1364,0.3080321
1366,0.4117337
1367,0.077156976
1370,0.58517975
1373,0.143492
1377,0.17854919
1386,0.079772085
1387,0.2822344
1392,0.28578553
1397,0.0447514
1398,0.3066719
1400,0.044234872
1403,0.31098425
1404,0.15308529
1410,0.0784599
1413,0.3066719
1416,0.12386694
1417,0.16841519
1423,0.18149817
1424,0.12386694
1426,0.28873974
1427,0.16220781
1428,0.050189298
1430,0.027046172
1434,0.30681786
1435,0.22957927
1437,0.17545041
1438,0.029901719
1442,0.17750716
1446,0.114181675
1451,0.30396357
1457,0.07390172
1461,0.16069207
1462,0.23354304
1465,0.18841742
1468,0.07539583
1469,0.1471089
1471,0.21117143
1476,0.17191915
1478,0.1256616
1481,0.110007815
1489,0.039175637
1490,0.04370345
1492,0.15269233
1496,0.16648304
1512,0.4515027
1516,0.12786545
1517,0.11987751
1528,0.061431516
1529,0.9456652
1536,0.9830183
1539,0.13149656
1541,0.42409536
1542,0.13741715
1548,0.97303087
1550,0.78981704
1551,0.09311557
1552,0.68316233
1557,0.93784386
1563,0.18620642
1564,0.171484
1565,0.46781757
1566,0.9940988
1571,0.16796164
1578,0.23262541
1581,0.15533373
1583,0.3278529
1584,0.08653543
1586,0.9507584
1589,0.85277677
1592,0.864752
1598,0.9566721
1606,0.20832118
1612,0.41367355
1616,0.4845096
1620,0.050329026
1624,0.24239051
1629,0.95528156
1630,0.6672505
1635,0.9635909
1640,0.98431075
1641,0.99501944
1642,0.9744178
1651,0.8649863
1655,0.98052216
1656,0.99658066
1659,0.9968136
1664,0.9957071
1667,0.9826073
1668,0.9886474
1674,0.7507735
1678,0.19743602
1680,0.73985785
1681,0.73495203
1682,0.9411074
1685,0.5428621
1695,0.9165753
1696,0.8532263
1697,0.32922
1704,0.6811409
1708,0.8040596
1711,0.9272411
1713,0.927995
1714,0.8111653
1717,0.9710226
1729,0.74186885
1730,0.10358325
1732,0.7646109
1734,0.6966336
1736,0.34495923
1738,0.49620292
1742,0.47030476
1743,0.53539526
1746,0.2710271
1748,0.6109198
1749,0.8201392
1751,0.5330706
1758,0.5846025
1764,0.87633854
1765,0.31848174
1777,0.9051121
1778,0.870278
1781,0.55934507
1782,0.797566
1783,0.74452686
1785,0.9199913
1788,0.83945554
1793,0.9868715
1794,0.4928309
1795,0.9065095
1797,0.8230567
1800,0.95462114
1801,0.6089954
1805,0.86581457
1806,0.83945554
1819,0.6720822
1820,0.8808795
1825,0.7333624
1828,0.29620704
1829,0.1825481
1830,0.19303508
1839,0.57791096
1843,0.037909023
1844,0.14772795
1846,0.1548034
1849,0.048064284
1850,0.36771774
1854,0.13236712
1855,0.09329203
1858,0.3350182
1859,0.0632807
1862,0.117051095
1867,0.08648106
1868,0.11773222
1871,0.8103097
1872,0.7037257
1874,0.60831326
1876,0.13185616
1879,0.3304975
1884,0.40847906
1891,0.0684176
1894,0.16285275
1896,0.2266058
1902,0.062800825
1903,0.1900413
1904,0.25538415
1906,0.2819606
1907,0.19086896
1912,0.27953142
1913,0.30498388
1923,0.61630356
1926,0.5485312
1928,0.5635568
1930,0.8233375
1931,0.30901217
1934,0.38171732
1936,0.65938246
1944,0.72227615
1946,0.39964998
1947,0.31848174
1958,0.54855585
1964,0.18421933
1970,0.8326938
1974,0.1559374
1977,0.934748
1978,0.90028006
1982,0.9239585
1984,0.8554062
1988,0.8115668
1993,0.40849626
1997,0.8061837
1998,0.9239585
2002,0.30514255
2004,0.70657885
2005,0.86547816
2008,0.31105682
2011,0.65824413
2013,0.4640784
2018,0.86907524
2021,0.29575932
2025,0.3560283
2029,0.8703734
2030,0.65824413
2032,0.17516558
2037,0.40531656
2041,0.5186892
2044,0.46005812
2048,0.86907524
2052,0.5952483
2053,0.32504836
2054,0.85111505
2062,0.25832558
2065,0.36251444
2066,0.18017478
2072,0.46176028
2079,0.5193581
2080,0.41940993
2085,0.20796381
2088,0.40917683
2090,0.36144394
2092,0.50163984
2093,0.13408983
2101,0.1870037
2104,0.18017478
2105,0.17415154
2106,0.18017478
2107,0.30753815
2120,0.54560864
2124,0.505562
2127,0.17585954
2130,0.2233677
2132,0.059538182
2135,0.046418134
2137,0.4149836
2140,0.18534905
2143,0.2745826
2147,0.1802323
2151,0.3040162
2152,0.30561218
2155,0.37270826
2156,0.20298024
2162,0.30701655
2165,0.41666147
2166,0.33729723
2167,0.12236539
2168,0.30808237
2170,0.16955191
2178,0.9775999
2180,0.61978465
2182,0.09487763
2184,0.08188422
2185,0.39698857
2187,0.25411448
2196,0.26858968
2197,0.45929077
2199,0.24558626
2200,0.09929687
2201,0.20275463
2202,0.6283702
2206,0.09487763
2208,0.38932762
2218,0.43508002
2223,0.8235372
2224,0.72617096
2226,0.2500018
2228,0.3334366
2232,0.3334366
2234,0.8095374
2243,0.895898
2247,0.2037077
2249,0.3334366
2252,0.67901903
2253,0.9239824
2259,0.06531043
2261,0.35702288
2264,0.16402298
2268,0.049526766
2269,0.049526766
2270,0.24100375
2276,0.7598311
2283,0.08556961
2287,0.37743664
2290,0.15310125
2291,0.084080525
2293,0.14354606
2295,0.25609246
2302,0.15947877
2305,0.5675063
2310,0.81830376
2313,0.6239368
2316,0.6239368
2320,0.122083284
2322,0.5675063
2323,0.58500165
2326,0.33435875
2328,0.7703019
2331,0.3781391
2335,0.8152985
2338,0.37738904
2343,0.44738403
2344,0.36006987
2345,0.360281
2353,0.8936466
2355,0.1990484
2357,0.1048584
2360,0.54198515
2365,0.035995897
2369,0.19967468
2371,0.15213071
2378,0.3337623
2380,0.4238636
2381,0.34798115
2383,0.85918087
2384,0.12290337
2392,0.1727641
2393,0.23338476
2401,0.5389929
2403,0.29678258
2404,0.5106727
2405,0.15379816
2407,0.09015562
2411,0.20596892
2424,0.04587665
2426,0.08548557
2431,0.21343586
2433,0.09877229
2434,0.03154877
2436,0.18017478
2439,0.3342893
2444,0.2969481
2447,0.2999442
2448,0.2946539
2449,0.059464935
2450,0.19654302
2461,0.16658424
2469,0.26801372
2472,0.34897116
2473,0.13342175
2474,0.17829326
2477,0.14052203
2481,0.31279662
2484,0.090393804
2495,0.15293317
2503,0.29331553
2509,0.7627059
2511,0.6911548
2518,0.9667449
2522,0.72262836
2525,0.9129516
2526,0.18017478
2529,0.3928254
2533,0.6081876
2549,0.18408178
2551,0.19530025
2558,0.9435608
2562,0.64916605
2563,0.84035724
2567,0.4713382
2574,0.57900125
2577,0.3403736
2578,0.1484706
2580,0.73453027
2581,0.40716338
2583,0.71185166
2584,0.47368783
2586,0.4318998
2589,0.5423839
2595,0.8185647
2596,0.5788907
2600,0.80211425
2601,0.5342856
2607,0.36958048
2610,0.43172035
2613,0.12389445
2615,0.45544183
2618,0.12138198
2620,0.14395483
2623,0.8571824
2626,0.10505313
2630,0.18017478
2634,0.9203611
2636,0.65558666
2638,0.27556816
2639,0.8836553
2646,0.2767668
2650,0.87051374
2652,0.2933123
2653,0.20819724
2654,0.098954365
2662,0.34255907
2665,0.08460266
2669,0.18974465
2674,0.12737906
2678,0.7714486
2681,0.12256507
2685,0.1506625
2686,0.035421874
2690,0.20142536
2697,0.06414586
2699,0.27904046
2704,0.2803626
2705,0.076938495
2710,0.1581846
2712,0.121992946
2713,0.08327205
2716,0.13009611
2717,0.29700986
2718,0.10766808
2721,0.084984675
2722,0.13602369
2735,0.13086647
2737,0.07145564
2738,0.14580426
2742,0.28777567
2745,0.14169908
2746,0.15934904
2747,0.12176101
2750,0.13393436
2751,0.035758607
2754,0.19643107
2762,0.79132265
2764,0.12402398
2772,0.05355352
2775,0.14331146
2776,0.037767626
2779,0.29226732
2781,0.08192664
2789,0.047064167
2790,0.16636339
2791,0.11315828
2798,0.568488
2800,0.13197814
2804,0.2545453
2805,0.32978842
2806,0.22718032
2809,0.6220335
2810,0.23267724
2812,0.18017478
2814,0.995908
2816,0.100629754
2818,0.18690528
2823,0.054872666
2824,0.32627764
2834,0.835436
2837,0.18017478
2840,0.28741142
2845,0.98456395
2847,0.85771203
2848,0.4296535
2850,0.19093974
2859,0.6413065
2862,0.18804798
2868,0.51668364
2874,0.2868665
2876,0.35659033
2892,0.080938056
2894,0.7291242
2897,0.21347648
2901,0.29436335
2903,0.2107818
2904,0.16198249
2906,0.17333505
2914,0.37298617
2918,0.06629474
2919,0.20745538
2923,0.26963305
2926,0.13427429
2928,0.08924904
2930,0.105569616
2938,0.2640935
2940,0.3166228
2949,0.4686284
2951,0.05640214
2958,0.092351444
2961,0.22397716
2962,0.28034207
2964,0.3712362
2966,0.2140291
2967,0.08520755
2968,0.15648615
2972,0.04871114
2977,0.14577879
2978,0.22236422
2979,0.54847056
2981,0.21973379
2985,0.7544681
2986,0.1978345
2989,0.966819
2994,0.13530838
2996,0.6121335
2997,0.17273495
2999,0.21120155
3002,0.09646495
3007,0.1532348
3008,0.13468774
3017,0.16135141
3020,0.15610126
3024,0.20773013
3028,0.15639096
3031,0.45354885
3032,0.6530286
3033,0.31849173
3035,0.31491572
3040,0.4852664
3041,0.59348243
3046,0.11946831
3050,0.2852644
3063,0.41548133
3065,0.38463515
3067,0.41548133
3069,0.53864056
3076,0.63335925
3078,0.37247297
3081,0.34647477
3087,0.62015736
3088,0.35429025
3094,0.19908607
3096,0.5478529
3098,0.5726454
3103,0.8059622
3110,0.941346
3113,0.9672418
3121,0.9290038
3127,0.9692963
3128,0.85794675
3129,0.98593444
3135,0.98608047
3143,0.8520358
3146,0.9666986
3148,0.9659768
3149,0.9789459
3151,0.9813328
3156,0.1720962
3160,0.067325324
3164,0.18029721
3169,0.16828708
3178,0.12217273
3187,0.48385724
3194,0.22120659
3202,0.29701447
3203,0.07942081
3204,0.13789001
3206,0.88553685
3207,0.16125925
3208,0.2021341
3209,0.7728881
3213,0.13748911
3214,0.091352075
3215,0.118298575
3220,0.19925745
3223,0.07942081
3224,0.12611349
3226,0.14524043
3228,0.058175027
3230,0.18498756
3232,0.21383739
3233,0.18803455
3234,0.100946374
3238,0.1796142
3246,0.12440932
3247,0.55612123
3250,0.7413766
3251,0.13255389
3254,0.4144735
3257,0.85413826
3258,0.2364478
3261,0.37870368
3267,0.7413712
3268,0.30810773
3269,0.046968248
3271,0.18488275
3272,0.48057732
3273,0.18540281
3279,0.17063442
3290,0.21810675
3291,0.35036054
3293,0.44362074
3294,0.07243651
3298,0.11551922
3305,0.32624233
3306,0.41255155
3307,0.13934517
3310,0.29304636
3313,0.19830087
3314,0.29304636
3315,0.027739774
3316,0.12939894
3321,0.6450696
3325,0.2446601
3326,0.15075786
3327,0.28960285
3330,0.867606
3331,0.20915346
3332,0.16876553
3333,0.34964073
3343,0.039461873
3344,0.04936287
3348,0.1215703
3349,0.29304636
3350,0.09936897
3352,0.10180226
3353,0.5078014
3354,0.21363088
3358,0.4129682
3360,0.73405236
3366,0.2685733
3371,0.60022044
3374,0.38119873
3375,0.50122315
3378,0.36876458
3382,0.34598947
3384,0.059456985
3385,0.23267724
3386,0.14846325
3392,0.42532876
3399,0.46723005
3407,0.2400779
3409,0.2400779
3416,0.67009026
3420,0.14087684
3422,0.975637
3424,0.2400779
3426,0.79205114
3427,0.18868127
3434,0.35911477
3438,0.2400779
3441,0.37968153
3442,0.50938684
3443,0.15728773
3444,0.31636927
3449,0.18868127
3453,0.50550056
3454,0.21800834
3456,0.8384551
3457,0.83548796
3458,0.9188817
3461,0.88495016
3467,0.7665735
3479,0.46522465
3488,0.83839315
3491,0.8578819
3496,0.95054674
3502,0.5226498
3507,0.96042407
3511,0.762679
3515,0.9690906
3516,0.94381607
3538,0.9289146
3539,0.90398616
3541,0.942042
3545,0.94588524
3546,0.9690906
3547,0.27306148
3551,0.96695465
3553,0.22164062
3556,0.046551097
3558,0.1763394
3559,0.17006269
3561,0.1826567
3562,0.12753156
3563,0.25397483
3564,0.03680794
3571,0.23635304
3574,0.20653099
3576,0.25348192
3577,0.5692591
3579,0.47920904
3580,0.28584018
3586,0.07171866
3590,0.18017478
3599,0.12335826
3600,0.15705559
3601,0.34798285
3605,0.2375813
3606,0.17938752
3612,0.3918731
3614,0.3285456
3615,0.19060443
3616,0.06270655
3620,0.5976016
3622,0.07266557
3624,0.07720014
3630,0.47357243
3644,0.20884496
3649,0.19143344
3651,0.042459916
3654,0.27139625
3665,0.34019414
3668,0.039664548
3671,0.04873609
3672,0.3217382
3673,0.1713933
3677,0.111092985
3678,0.32903895
3687,0.15660888
3688,0.030927438
3693,0.14292203
3698,0.48037302
3699,0.11882652
3701,0.9750904
3703,0.22696777
3706,0.10289662
3707,0.19018218
3709,0.784818
3711,0.39162648
3714,0.17914884
3716,0.27671623
3720,0.9067207
3728,0.95668936
3731,0.37428895
3732,0.09119271
3733,0.31940877
3734,0.3403585
3740,0.1681602
3746,0.15724544
3749,0.16970253
3751,0.4550033
3755,0.14408654
3757,0.1941535
3762,0.5917327
3767,0.12802523
3769,0.3889433
3779,0.28979275
3781,0.39114824
3782,0.54553777
3783,0.56631947
3784,0.15090264
3790,0.1471914
3791,0.5917327
3792,0.9219913
3794,0.41928843
3799,0.174166
3801,0.26097468
3804,0.24323432
3808,0.2795462
3809,0.28285336
3811,0.4078209
3813,0.0709334
3817,0.43935326
3818,0.17416595
3823,0.16608529
3843,0.22639364
3844,0.26097468
3846,0.31702742
3847,0.57343197
3852,0.25091076
3854,0.58780056
3856,0.3890716
3863,0.31401154
3865,0.19905736
3867,0.3691667
3871,0.58780056
3872,0.58780056
3878,0.58780056
3880,0.37938124
3881,0.28917435
3882,0.69388884
3883,0.37036064
3884,0.73797536
3885,0.24222276
3886,0.3691667
3890,0.28264245
3891,0.6844579
3898,0.8677325
3902,0.14235477
3909,0.18313059
3910,0.19437097
3912,0.13750297
3915,0.9365641
3918,0.10213698
3920,0.9802082
3925,0.55390126
3928,0.18258218
3929,0.09101634
3930,0.9802082
3931,0.24003819
3934,0.063513555
3939,0.062390756
3941,0.14375073
3942,0.17225678
3943,0.18505166
3946,0.23936476
3963,0.20694485
3965,0.6157365
3966,0.43966207
3971,0.27943513
3972,0.7998942
3974,0.21724279
3976,0.6030028
3978,0.25883433
3981,0.33165368
3985,0.40899488
3986,0.70173365
3987,0.9576721
3988,0.9752866
3991,0.96923953
3999,0.4907347
4001,0.4108558
4002,0.44743052
4004,0.37929776
4007,0.38075843
4009,0.19722132
4013,0.7874098
4015,0.39860192
4016,0.7867951
4023,0.19135943
4031,0.6131105
4035,0.61586714
4036,0.45577154
4037,0.23066467
4040,0.7182727
4048,0.78661305
4053,0.6997692
4056,0.6997692
4059,0.68840504
4066,0.8952155
4067,0.40571558
4069,0.1257352
4070,0.27794364
4071,0.62812227
4073,0.80103886
4074,0.21355738
4075,0.6070445
4082,0.7316045
4090,0.21531224
4099,0.9188646
4102,0.85229284
4106,0.6197178
4109,0.8962448
4110,0.4072982
4115,0.45030004
4118,0.96973014
4120,0.8098242
4125,0.45030004
4126,0.36961374
4130,0.8082781
4134,0.96973014
4136,0.7165046
4137,0.964786
4144,0.48370805
4148,0.4578079
4151,0.36109328
4155,0.100751035
4162,0.2908891
4165,0.1611858
4169,0.18017478
4174,0.28466767
4179,0.2937751
4185,0.11776746
4186,0.0986408
4187,0.32898238
4188,0.14662814
4190,0.159371
4192,0.10529455
4193,0.063421056
4194,0.15187758
4195,0.20510161
4196,0.1505395
4207,0.91224277
4208,0.95918727
4215,0.91224277
4217,0.8360875
4222,0.031358253
4223,0.76038814
4226,0.056198824
4228,0.5300949
4229,0.34088808
4231,0.8766528
4234,0.2718811
4236,0.24576488
4249,0.08418406
4254,0.506202
4258,0.52309406
4259,0.03183303
4263,0.21995918
4267,0.1215892
4277,0.18233144
4278,0.16521084
4280,0.16521084
4283,0.12104178
4285,0.6668069
4286,0.6668069
4287,0.16521084
4290,0.41862974
4291,0.18017478
4294,0.33999875
4302,0.6879226
4308,0.48437408
4310,0.27850312
4311,0.6727316
4315,0.79888695
4316,0.33486035
4319,0.15624866
4331,0.45780098
4338,0.88534087
4339,0.88623136
4340,0.93537
4344,0.5902523
4346,0.6310378
4347,0.7748773
4360,0.96790165
4364,0.9483852
4367,0.5781677
4369,0.6050449
4370,0.53494036
4371,0.20008302
4380,0.91036546
4386,0.44196513
4389,0.88028747
4390,0.88366145
4394,0.26208293
4399,0.098934956
4400,0.076647505
4404,0.286012
4409,0.103003174
4414,0.13389257
4417,0.10778413
4418,0.14394046
4419,0.07743828
4420,0.17585263
4422,0.09026215
4429,0.55517584
4431,0.05926717
4433,0.038224246
4434,0.1593303
4439,0.071590975
4443,0.105168395
4446,0.14218293
4447,0.13389257
4453,0.16484055
4460,0.17472214
4461,0.4315735
4462,0.17477566
4467,0.08465938
4469,0.46438757
4473,0.18239263
4474,0.16653404
4475,0.036633335
4477,0.07254565
4481,0.1742768
4483,0.08528644
4484,0.039637413
4485,0.13481568
4495,0.2359462
4497,0.11063935
4500,0.66136694
4501,0.42836672
4502,0.15779842
4505,0.2775212
4506,0.6081132
4510,0.15779842
4512,0.2790619
4513,0.7574258
4532,0.49558735
4535,0.23403063
4536,0.21929984
4540,0.22139274
4545,0.5027521
4552,0.38571626
4554,0.91822016
4555,0.073627956
4558,0.59839857
4559,0.6438824
4560,0.18757659
4566,0.35753742
4570,0.22744761
4572,0.13008392
4574,0.18744613
4581,0.91822016
4583,0.88986236
4586,0.79889566
4591,0.8149358
4594,0.08737343
4603,0.66918445
4605,0.036458105
4612,0.5807809
4613,0.5231461
4615,0.4525755
4618,0.21258755
4621,0.09281811
4623,0.22085816
4626,0.10707428
4629,0.18027793
4633,0.6269801
4636,0.30958727
4638,0.37764755
4640,0.30486175
4643,0.13940361
4645,0.25406814
4647,0.26868558
4648,0.1520077
4651,0.0683111
4652,0.08484466
4653,0.49422002
4654,0.6139889
4660,0.124395244
4662,0.124395244
4663,0.14047983
4665,0.36814597
4668,0.18101083
4676,0.2099527
4683,0.8885667
4685,0.7106176
4686,0.0683111
4701,0.21867338
4718,0.31019047
4721,0.8244302
4727,0.3316093
4728,0.3762716
4733,0.66902035
4741,0.12280681
4743,0.57750463
4746,0.18017478
4751,0.11434005
4756,0.8684234
4761,0.49290672
4763,0.3067787
4764,0.85446686
4767,0.93284214
4772,0.69921845
4776,0.65639406
4780,0.93897414
4781,0.67529625
4792,0.5701477
4796,0.7601958
4801,0.8192445
4804,0.62456894
4805,0.70722306
4806,0.9496314
4811,0.69362277
4815,0.29979935
4816,0.28230748
4817,0.6558493
4818,0.52575195
4822,0.2831949
4824,0.2784698
4827,0.9391875
4837,0.42858455
4838,0.7952753
4839,0.7561536
4841,0.44328067
4851,0.88716227
4855,0.7514242
4861,0.08247122
4862,0.08285912
4863,0.08244559
4865,0.3221042
4871,0.084787875
4873,0.1883159
4880,0.07230735
4885,0.19823404
4886,0.06572723
4902,0.13222335
4904,0.14388923
4907,0.13517083
4916,0.20145692
4921,0.58084977
4925,0.1428589
4927,0.12007373
4928,0.3343094
4930,0.19215079
4932,0.10253531
4933,0.23209059
4937,0.6047523
4939,0.9371785
4941,0.5186221
4942,0.2271752
4947,0.1120705
4949,0.19215079
4950,0.3210579
4956,0.25362608
4960,0.58339876
4963,0.3712454
4965,0.4813624
4976,0.2055234
4977,0.2055234
4987,0.1531481
4991,0.81455004
4994,0.455936
4999,0.4303043
5003,0.9266089
5006,0.41819772
5009,0.41371655
5011,0.44448495
5012,0.958378
5014,0.15588193
5020,0.35546774
5021,0.27316642
5023,0.6072859
5026,0.6451032
5030,0.455136
5031,0.76996917
5036,0.4000303
5042,0.078149095
5045,0.38306728
5048,0.38306728
5051,0.22731404
5053,0.50726
5054,0.44417298
5057,0.052859493
5058,0.2635496
5066,0.78925544
5070,0.91563916
5077,0.79008955
5081,0.762193
5084,0.16685523
5086,0.23382379
5090,0.5739884
5091,0.3627538
5093,0.6450209
5100,0.88606954
5108,0.9103509
5111,0.92671824
5112,0.7430022
5118,0.34332365
5121,0.5437539
5123,0.5437539
5129,0.47556666
5133,0.1634493
5143,0.17829326
5147,0.15644726
5151,0.76668644
5156,0.63063335
5158,0.5437539
5161,0.44670513
5163,0.7661718
5167,0.6199404
5173,0.7367829
5205,0.3714777
5214,0.1996208
5215,0.18017478
5216,0.14288236
5217,0.2620839
5225,0.18017478
5237,0.14871022
5239,0.21383347
5240,0.13450722
5241,0.18017478
5246,0.30366084
5250,0.37555993
5253,0.18017478
5258,0.42489204
5261,0.22869049
5268,0.61378294
5275,0.19820891
5277,0.41330814
5279,0.24892579
5288,0.20077632
5289,0.07935138
5294,0.7978567
5303,0.07738265
5307,0.32558662
5311,0.4372559
5312,0.3373891
5314,0.1855407
5318,0.5185246
5327,0.2836226
5329,0.46126288
5333,0.19574337
5334,0.44003293
5340,0.39312825
5348,0.22643246
5358,0.47713897
5360,0.20898603
5361,0.2211733
5363,0.5888961
5364,0.34594685
5369,0.7982078
5370,0.14666425
5374,0.5888961
5376,0.83177036
5388,0.46068856
5390,0.52818686
5393,0.6456098
5394,0.46228015
5395,0.44601327
5398,0.8217476
5399,0.87231416
5401,0.30006054
5402,0.91965425
5405,0.34427908
5414,0.27573434
5415,0.41330016
5419,0.3254763
5421,0.25949407
5422,0.22785378
5424,0.2107798
5427,0.6840568
5429,0.38077787
5431,0.8118444
5433,0.7097174
5434,0.20019308
5435,0.42918596
5436,0.23310651
5438,0.61321884
5440,0.4761664
5441,0.345476
5447,0.33018813
5451,0.16532677
5453,0.17087734
5456,0.24673334
5457,0.36491343
5463,0.2277422
5464,0.36761597
5470,0.662112
5472,0.229226
5474,0.1740619
5478,0.0686797
5483,0.121412374
5490,0.12669672
5500,0.22649284
5504,0.39824322
5508,0.27904359
5511,0.12466153
5512,0.09221909
5513,0.29882717
5516,0.38246167
5523,0.080601476
5527,0.12347896
5530,0.11817777
5533,0.5162842
5536,0.09734184
5537,0.024982026
5542,0.16633591
5543,0.468618
5546,0.14357407
5549,0.059970018
5550,0.2213023
5551,0.18805614
5562,0.22179797
5566,0.13214864
5568,0.27245718
5571,0.6157307
5572,0.8566192
5574,0.45770302
5583,0.3339003
5585,0.45770302
5591,0.46694204
5596,0.45770302
5597,0.3339003
5601,0.67165345
5606,0.88778335
5607,0.3339003
5610,0.22179797
5615,0.25215146
5616,0.9696946
5623,0.21020064
5630,0.5550829
5636,0.53611094
5637,0.23267724
5639,0.23780213
5640,0.6846573
5643,0.5075887
5648,0.091197416
5649,0.26344547
5660,0.12577677
5666,0.7508968
5667,0.739984
5678,0.22374691
5679,0.2402431
5681,0.49451697
5682,0.40163514
5691,0.28597525
5696,0.9923942
5697,0.94029367
5700,0.65574
5701,0.21100774
5702,0.9020605
5708,0.77952975
5709,0.6407428
5718,0.8050739
5723,0.5577616
5725,0.9387189
5728,0.7763015
5731,0.7984762
5735,0.8889799
5737,0.9316442
5738,0.6704407
5742,0.87361366
5747,0.78393126
5749,0.8280667
5750,0.919293
5755,0.9714272
5756,0.9725646
5761,0.9965
5762,0.9836505
5767,0.36097
5768,0.78393126
5770,0.85241616
5773,0.890836
5774,0.14113933
5779,0.5701415
5782,0.95415604
5785,0.064739026
5786,0.8231848
5787,0.96714973
5788,0.7256255
5796,0.18806788
5802,0.056580998
5806,0.8470026
5809,0.15822145
5810,0.14858988
5811,0.8746954
5813,0.7186871
5820,0.09063824
5823,0.06189681
5830,0.6948388
5831,0.18709859
5838,0.37292773
5839,0.66250503
5844,0.7866076
5846,0.45566773
5851,0.5532039
5852,0.91866785
5857,0.46833143
5859,0.20519231
5860,0.90374964
5862,0.8212923
5865,0.54512244
5866,0.48750547
5871,0.9474983
5872,0.49305296
5877,0.9474983
5878,0.81078494
5879,0.8741034
5880,0.32031402
5895,0.32129264
5897,0.15361995
5910,0.25565574
5914,0.43920532
5915,0.26548952
5917,0.084795296
5924,0.16261783
5926,0.43920532
5931,0.25510824
5936,0.23133524
5940,0.15160806
5941,0.124696724
5945,0.1783169
5946,0.19611724
5948,0.5786785
5951,0.40292335
5967,0.17154697
5968,0.22322595
5969,0.24853987
5970,0.7123108
5971,0.43460074
5973,0.18772028
5976,0.13214864
5977,0.10248669
5984,0.35749418
5986,0.40947083
5993,0.35202098
5994,0.36277452
6005,0.1888223
6006,0.23546144
6008,0.40947083
6010,0.2643525
6011,0.23607855
6014,0.24334364
6016,0.38452965
6018,0.0690105
6021,0.4258539
6025,0.57706946
6028,0.7525602
6029,0.31601372
6035,0.53714174
6040,0.48071668
6042,0.57751447
6044,0.22581531
6046,0.51763004
6052,0.5023008
6054,0.85915786
6062,0.9200447
6063,0.6529085
6067,0.93236333
6068,0.9525574
6077,0.43630892
6079,0.24787097
6080,0.6425603
6081,0.88494754
6082,0.9385133
6089,0.19055557
6095,0.10651902
6101,0.0513095
6107,0.21901737
6114,0.072479606
6117,0.26072332
6121,0.1830358
6122,0.32271054
6124,0.70664597
6129,0.33906013
6131,0.27898946
6136,0.5090057
6139,0.29145476
6142,0.8586734
6143,0.77854997
6144,0.5404754
6149,0.8586734
6155,0.72540295
6157,0.13446638
6158,0.13248953
6161,0.37816966
6168,0.18017478
6172,0.37816966
6176,0.37816966
6177,0.24360159
6179,0.32354054
6180,0.72556245
6182,0.14803475
6186,0.26255983
6189,0.2582426
6190,0.27233315
6194,0.8596634
6204,0.1285587
6205,0.23267724
6209,0.17789662
6210,0.26255983
6212,0.1734528
6214,0.31986457
6221,0.91036785
6225,0.4120449
6228,0.19838417
6229,0.26255983
6231,0.4055183
6235,0.7143573
6236,0.3738052
6237,0.39012438
6238,0.25560102
6239,0.3738052
6242,0.3738052
6249,0.3738052
6250,0.3738052
6251,0.37684685
6252,0.39012438
6260,0.17472172
6264,0.1439042
6266,0.20409164
6270,0.23186632
6275,0.3738052
6279,0.41709906
6280,0.3738052
6284,0.3738052
6285,0.45326558
6286,0.90565485
6287,0.38158703
6288,0.13083453
6289,0.65225506
6290,0.2471914
6291,0.8987216
6295,0.33358157
6298,0.7888145
6307,0.83116364
6308,0.13472387
6309,0.48326886
6313,0.5986377
6316,0.46858203
6319,0.21093275
6321,0.4556434
6324,0.12770729
6327,0.17702849
6333,0.6152432
6351,0.5361094
6352,0.84766287
6353,0.491311
6357,0.84766287
6359,0.41400576
6360,0.58275014
6364,0.86322695
6367,0.09043471
6368,0.5332268
6377,0.90961564
6378,0.90961564
6379,0.17677273
6381,0.8554776
6390,0.73700833
6401,0.3869275
6408,0.42958286
6409,0.35778376
6411,0.27356324
6419,0.0460452
6424,0.63756776
6426,0.5165964
6428,0.18017478
6431,0.18017478
6432,0.5771933
6433,0.42061642
6435,0.936037
6437,0.29664263
6439,0.9353554
6442,0.19940557
6444,0.8664051
6447,0.8397098
6456,0.9593411
6457,0.5732119
6460,0.20379837
6468,0.10798209
6471,0.8627705
6475,0.13868979
6476,0.93378824
6479,0.928964
6483,0.98461413
6487,0.60842216
6488,0.20152901
6489,0.2627591
6496,0.34098458
6498,0.17424634
6502,0.05542083
6503,0.16600166
6507,0.27285168
6508,0.18978834
6509,0.25540483
6517,0.24126926
6521,0.20336986
6522,0.3252684
6524,0.09246312
6526,0.14278127
6531,0.8641412
6533,0.098871514
6538,0.4154594
6539,0.13088588
6544,0.13088588
6557,0.37860325
6558,0.2803153
6562,0.12548026
6563,0.12161013
6564,0.22282815
6574,0.34556237
6578,0.24352397
6581,0.3081172
6584,0.26170382
6587,0.41325822
6589,0.17001839
6590,0.08283905
6592,0.06541302
6595,0.26027846
6599,0.17237778
6600,0.058421705
6606,0.728206
6609,0.30059004
6612,0.3054346
6615,0.45454076
6618,0.1271759
6620,0.10625607
6623,0.1298884
6633,0.24960709
6639,0.9629659
6640,0.16658701
6641,0.6882323
6645,0.14406182
6650,0.1703212
6651,0.16426557
6652,0.55345803
6657,0.30932614
6659,0.2099379
6666,0.5368882
6671,0.17167048
6673,0.89112747
6674,0.14784518
6677,0.5016221
6680,0.1142221
6684,0.14135166
6685,0.16598552
6691,0.12906681
6692,0.20793425
6696,0.26232892
6698,0.16362473
6704,0.39498955
6705,0.16428265
6710,0.041733094
6713,0.4144633
6715,0.40526664
6717,0.17044736
6718,0.14697085
6720,0.041733094
6728,0.18787639
6732,0.1523964
6733,0.3298055
6739,0.08500782
6740,0.18787639
6741,0.110873744
6743,0.18017478
6747,0.041733094
6750,0.63186926
6752,0.62660015
6753,0.4087832
6755,0.63186926
6761,0.11195599
6763,0.23499247
6768,0.23874703
6770,0.3742984
6771,0.21863359
6777,0.4087832
6778,0.18690528
6780,0.18017478
6782,0.7237286
6786,0.63186926
6791,0.23499247
6797,0.44393358
6798,0.44837508
6803,0.18320832
6805,0.18014078
6812,0.18014078
6816,0.18823592
6818,0.18014078
6822,0.18014078
6825,0.18014078
6826,0.18823592
6827,0.18823592
6829,0.18014078
6831,0.1451231
6836,0.55930614
6838,0.14550817
6840,0.501257
6842,0.37490633
6846,0.18014078
6851,0.6098812
6853,0.5651235
6856,0.23641443
6859,0.87533003
6865,0.5188102
6866,0.84086174
6868,0.9886474
6869,0.8320739
6871,0.9865732
6873,0.4761894
6886,0.5241191
6887,0.24737503
6888,0.52836233
6889,0.98194826
6891,0.63961166
6894,0.6639622
6895,0.612488
6899,0.6912828
6901,0.23204896
6902,0.5412289
6904,0.32137632
6906,0.22398971
6922,0.5419158
6923,0.56851333
6924,0.48560968
6927,0.55824673
6934,0.5466658
6938,0.20709583
6941,0.5873717
6942,0.31570238
6944,0.36678225
6947,0.4662776
6952,0.7344599
6957,0.6596143
6958,0.83367425
6964,0.5852612
6968,0.51215917
6969,0.9180849
6976,0.65801156
6982,0.8166446
6986,0.68737864
6987,0.9142084
6989,0.29456708
6991,0.569486
6993,0.84474045
6995,0.14186488
6997,0.3373347
7000,0.43583396
7003,0.13920438
7004,0.17112833
7007,0.783062
7011,0.2900512
7014,0.23346533
7016,0.070780955
7017,0.18017478
7020,0.19199544
7022,0.14186488
7028,0.14186488
7033,0.54940516
7034,0.9585385
7035,0.103674956
7038,0.13920438
7040,0.14186488
7041,0.43583396
7042,0.16204126
7045,0.1817236
7049,0.30772507
7055,0.11017529
7057,0.6735976
7062,0.25691542
7064,0.19681893
7066,0.08522829
7067,0.37095904
7072,0.07673179
7079,0.21950531
7082,0.20176001
7083,0.1686485
7084,0.34522077
7085,0.18017478
7087,0.3155716
7090,0.3872753
7094,0.18725322
7096,0.49841136
7099,0.33253154
7100,0.15514147
7101,0.34420118
7102,0.24222276
7103,0.2861143
7107,0.35022342
7110,0.2861143
7113,0.16796164
7117,0.14906022
7119,0.2075263
7123,0.5400073
7127,0.07838058
7133,0.73401654
7139,0.2538555
7143,0.15898047
7145,0.26475504
7151,0.3155008
7152,0.18456899
7153,0.21851179
7156,0.23137642
7162,0.042033214
7170,0.20152165
7172,0.24248916
7177,0.13639975
7181,0.4183531
7182,0.4183531
7189,0.22177826
7190,0.12557173
7200,0.5759098
7207,0.76326066
7209,0.40296912
7212,0.73104674
7216,0.22609937
7217,0.4907347
7219,0.83651406
7220,0.65354276
7222,0.5497081
7225,0.21449791
7233,0.58626443
7237,0.8722855
7238,0.82263935
7239,0.8936142
7240,0.4060109
7243,0.9118737
7245,0.89238924
7246,0.9787209
7249,0.95635253
7257,0.50538296
7258,0.6787498
7259,0.42830122
7262,0.90478563
7263,0.78959715
7269,0.6555819
7271,0.95914817
7273,0.78959715
7276,0.63505733
7279,0.74820924
7282,0.8845058
7284,0.9627097
7293,0.86418176
7298,0.9343322
7303,0.17778204
7304,0.8862807
7305,0.26185128
7308,0.5941089
7313,0.3470759
7314,0.3768007
7321,0.29086423
7322,0.2878307
7327,0.38698724
7333,0.27419463
7336,0.49316266
7339,0.6127704
7341,0.6217168
7346,0.2477285
7347,0.4521856
7349,0.50830954
7351,0.028682133
7353,0.07913824
7363,0.41381282
7364,0.121114425
7368,0.9244544
7370,0.6264895
7375,0.062485974
7376,0.3967988
7379,0.05034553
7382,0.19269949
7384,0.047679327
7385,0.18845531
7387,0.099478714
7388,0.2666584
7389,0.045827705
7394,0.15986638
7396,0.13431522
7398,0.14540997
7399,0.5594658
7401,0.05917464
7404,0.18160228
7406,0.18281853
7409,0.18944815
7411,0.12043724
7417,0.09557696
7420,0.031362396
7422,0.16093606
7423,0.089119636
7427,0.34720203
7429,0.1901239
7432,0.21298191
7435,0.122624
7436,0.96027774
7440,0.95168215
7441,0.18017478
7445,0.39801028
7448,0.17818618
7449,0.2990843
7450,0.24905965
7454,0.26303378
7455,0.14244428
7460,0.3036861
7462,0.0754745
7464,0.13612843
7466,0.14773624
7468,0.13452463
7469,0.11088546
7471,0.34940013
7472,0.20669685
7483,0.16684717
7484,0.16684717
7485,0.13015352
7486,0.55429715
7487,0.09579729
7489,0.92651856
7492,0.1944833
7495,0.94491524
7499,0.8583044
7500,0.9515945
7506,0.97357833
7508,0.26665184
7509,0.35733253
7511,0.9756058
7516,0.8883094
7524,0.35386312
7538,0.88540494
7539,0.9087528
7541,0.9756058
7546,0.95260495
7549,0.9485716
7562,0.9485716
7564,0.6596473
7567,0.7870946
7572,0.9485716
7574,0.9485716
7575,0.9485716
7586,0.9485716
7592,0.9347466
7596,0.39228353
7597,0.46871987
7599,0.20244992
7606,0.22098178
7615,0.6028998
7618,0.5454899
7620,0.52122647
7624,0.39228353
7625,0.39228353
7629,0.2564019
7632,0.37367854
7636,0.6781943
7637,0.392664
7646,0.11148294
7655,0.21917094
7658,0.10260664
7660,0.21096224
7664,0.19869947
7665,0.06077882
7666,0.2477964
7667,0.1488145
7673,0.22166714
7676,0.19657162
7682,0.09035678
7684,0.20100369
7690,0.46054325
7697,0.25613314
7700,0.064009786
7704,0.16289909
7705,0.08887534
7706,0.44748026
7708,0.15270765
7709,0.16946825
7710,0.35234475
7713,0.03334553
7716,0.025036972
7726,0.42311198
7729,0.13258971
7730,0.07127916
7732,0.102021545
7734,0.17484954
7740,0.19927555
7741,0.18329765
7745,0.8980895
7757,0.37594253
7762,0.38113913
7770,0.8027831
7776,0.2828332
7777,0.36238638
7778,0.8387382
7779,0.37500462
7782,0.29514456
7786,0.7469911
7791,0.5372296
7792,0.67054325
7794,0.6589076
7795,0.17295554
7796,0.3687286
7798,0.25318328
7805,0.2990033
7806,0.25251877
7808,0.26226896
7811,0.1575012
7814,0.13557859
7819,0.2990033
7820,0.28341323
7825,0.1895844
7829,0.24110176
7834,0.2032523
7836,0.1895844
7838,0.26075312
7841,0.24306025
7845,0.41304415
7846,0.12249853
7853,0.12249853
7856,0.055627532
7858,0.04572804
7859,0.43160504
7866,0.16011879
7875,0.77255595
7879,0.12249853
7884,0.1511054
7886,0.24557206
7890,0.14458854
7892,0.04572804
7896,0.27272525
7899,0.870323
7900,0.8045982
7901,0.39483696
7904,0.5549708
7911,0.6149097
7917,0.42398125
7919,0.39760816
7920,0.95101535
7921,0.97953767
7922,0.19702601
7925,0.9545168
7927,0.30756748
7928,0.97953767
7931,0.19440845
7942,0.1431676
7946,0.97953767
7947,0.17601317
7948,0.15709206
7951,0.18725418
7956,0.14264788
7961,0.98521036
7964,0.98639005
7966,0.9841164
7967,0.49791873
7974,0.98424613
7975,0.4086204
7979,0.9899885
7985,0.9908251
7986,0.98644733
7993,0.5542752
7995,0.9858483
7997,0.034775175
7998,0.9899885
8004,0.9899885
8007,0.9899885
8011,0.36768755
8014,0.61127084
8022,0.3680548
8027,0.26754108
8033,0.6583909
8041,0.3680548
8042,0.71873426
8046,0.39359477
8048,0.49194506
8050,0.8944345
8051,0.5678558
8052,0.43132147
8053,0.6520248
8054,0.41271886
8059,0.28206402
8063,0.69806445
8072,0.05828302
8075,0.15030372
8076,0.054338742
8077,0.9065208
8078,0.46422726
8080,0.19414775
8082,0.44493765
8086,0.17462562
8090,0.3190063
8092,0.11572884
8093,0.19095716
8099,0.8886955
8104,0.5195424
8107,0.16987237
8108,0.12006273
8114,0.16910285
8115,0.42249727
8117,0.8045454
8123,0.95244426
8124,0.80579627
8127,0.678657
8132,0.3481832
8134,0.7999191
8139,0.22264467
8145,0.8214654
8148,0.96283174
8151,0.9590804
8152,0.6789764
8153,0.29939705
8157,0.15637235
8160,0.9719929
8166,0.68124473
8167,0.9590804
8173,0.8606375
8174,0.9590804
8178,0.94361573
8179,0.2766653
8185,0.4130823
8186,0.9590804
8192,0.24220736
8193,0.16527131
8194,0.07123436
8197,0.28354192
8198,0.34358728
8199,0.28354192
8200,0.27230802
8206,0.5239369
8207,0.5239369
8220,0.2210026
8222,0.36590278
8227,0.19985397
8228,0.09357715
8229,0.26023322
8230,0.6789813
8233,0.660375
8248,0.76273286
8249,0.60172987
8255,0.12444499
8260,0.60172987
8263,0.3797307
8265,0.4366432
8268,0.3330425
8269,0.6769743
8272,0.6447733
8273,0.4696133
8275,0.24276926
8277,0.18277447
8281,0.4402653
8282,0.6081662
8290,0.7956629
8293,0.66990215
8299,0.3862845
8302,0.23072624
8303,0.3202419
8305,0.3854565
8306,0.1947915
8307,0.24088076
8308,0.23072624
8313,0.49408147
8316,0.23072624
8319,0.16923828
8322,0.752742
8323,0.28176558
8325,0.13572216
8326,0.35934755
8327,0.3660776
8328,0.4485237
8331,0.3202419
8333,0.80426484
8336,0.26519424
8338,0.23072624
8340,0.24088076
8342,0.077216566
8343,0.20478176
8353,0.12560217
8354,0.10526084
8357,0.11048226
8358,0.11722206
8359,0.23299183
8373,0.070554964
8376,0.036943566
8379,0.1420202
8380,0.13566233
8381,0.11815814
8384,0.16940054
8395,0.80146754
8398,0.80146754
8403,0.14865133
8407,0.80146754
8413,0.80146754
8417,0.80146754
8420,0.80146754
8421,0.29106742
8424,0.80146754
8426,0.80146754
8427,0.80146754
8438,0.80146754
8439,0.10343875
8442,0.073258825
8449,0.14941499
8456,0.0753998
8460,0.1031574
8462,0.14178832
8465,0.37483206
8466,0.09348962
8467,0.15272897
8469,0.08040067
8470,0.1413191
8474,0.15052283
8479,0.08096945
8481,0.11160095
8482,0.050986268
8485,0.14674525
8488,0.15052283
8492,0.18557338
8493,0.18427335
8495,0.103108466
8499,0.052941676
8501,0.12903139
8519,0.18017478
8521,0.247009
8525,0.12224428
8527,0.21298191
8529,0.17436609
8532,0.16433947
8534,0.05366528
8535,0.16618958
8537,0.04054706
8544,0.35439575
8548,0.25428313
8549,0.15190628
8552,0.016497936
8554,0.17123407
8563,0.053157143
8564,0.12172282
8565,0.15190628
8566,0.35557997
8568,0.20224656
8569,0.15273201
8573,0.15190628
8583,0.08988252
8588,0.15182815
8590,0.22250931
8592,0.11029505
8593,0.29715213
8594,0.622173
8597,0.3180375
8600,0.82694143
8601,0.24289083
8602,0.1625475
8603,0.34722644
8604,0.57783914
8605,0.39435568
8611,0.6730052
8614,0.3671412
8616,0.77898633
8617,0.2622635
8619,0.72037065
8626,0.80929756
8629,0.3013478
8630,0.32945004
8632,0.18271855
8634,0.5185327
8641,0.41272664
8645,0.5201014
8649,0.7661918
8652,0.72046876
8666,0.88391465
8671,0.09107482
8672,0.89925945
8675,0.77333426
8678,0.5170588
8679,0.9120653
8682,0.5772019
8687,0.8705204
8701,0.16362247
8703,0.115199596
8707,0.066430405
8713,0.09399393
8716,0.121013075
8719,0.13214864
8725,0.35253963
8730,0.21299809
8731,0.20003492
8748,0.07260384
8749,0.0725992
8756,0.17779812
8764,0.18017478
8765,0.117118865
8769,0.17002742
8771,0.117118865
8772,0.041550465
8773,0.46795255
8779,0.16588765
8792,0.5022244
8794,0.10146626
8796,0.06314295
8798,0.48955172
8803,0.18456064
8807,0.0848746
8809,0.043972805
8811,0.1586211
8813,0.31909883
8814,0.11860504
8818,0.5524209
8819,0.08327596
8820,0.19374627
8821,0.14390354
8822,0.04850821
8824,0.14390354
8826,0.164358
8827,0.17944585
8828,0.11407334
8833,0.45592114
8834,0.19638222
8845,0.18017478
8847,0.16537352
8849,0.4912983
8861,0.33831418
8867,0.15045752
8868,0.37025285
8870,0.09968602
8873,0.15729088
8874,0.32416984
8876,0.10064836
8877,0.1384578
8879,0.38847458
8882,0.043545354
8884,0.1461194
8889,0.121572815
8891,0.10850107
8894,0.36679715
8895,0.08006959
8897,0.7226392
8898,0.6470638
8901,0.3222795
8904,0.36499885
8909,0.32014722
8910,0.30921724
8911,0.37509096
8915,0.4948862
8917,0.35267484
8918,0.15522976
8919,0.30906606
8922,0.26894045
8925,0.36516225
8928,0.181822
8929,0.37791446
8930,0.8973639
8932,0.098589756
8937,0.6761559
8940,0.44348165
8943,0.27431646
8950,0.6838286
8951,0.5004392
8954,0.04820225
8958,0.8615328
8960,0.61683244
8964,0.7081501
8975,0.5302789
8977,0.6330785
8981,0.56611204
8982,0.44833624
8984,0.5896023
8988,0.62052023
8990,0.5820607
8991,0.13254952
8995,0.21564423
8997,0.070645
9003,0.49576396
9004,0.11079326
9010,0.79433334
9011,0.10364027
9013,0.12022616
9014,0.104872346
9015,0.12022616
9017,0.0932976
9019,0.1318604
9021,0.30399978
9024,0.42591712
9032,0.08357036
9035,0.1460388
9036,0.7776366
9037,0.26115265
9043,0.961346
9046,0.938316
9048,0.961346
9049,0.9296717
9050,0.8588086
9056,0.26906008
9063,0.14333709
9065,0.6238784
9066,0.961346
9068,0.39220026
9069,0.9277292
9070,0.07761262
9073,0.94342023
9076,0.8881823
9091,0.34075233
9092,0.8549832
9104,0.9730579
9105,0.94881004
9108,0.94881004
9111,0.9840169
9115,0.9790957
9117,0.97746176
9122,0.97746176
9125,0.9789629
9127,0.8549832
9129,0.91004074
9133,0.9840169
9136,0.9730579
9138,0.91004074
9140,0.9789629
9147,0.92255324
9150,0.9511234
9152,0.92255324
9153,0.863119
9155,0.98987204
9158,0.6988002
9160,0.98463225
9163,0.893132
9165,0.92599285
9167,0.5458924
9168,0.7236623
9170,0.9321239
9176,0.9479857
9178,0.9479662
9184,0.93013465
9186,0.95818865
9188,0.8019734
9189,0.8453565
9190,0.92839277
9196,0.841878
9198,0.8417692
9199,0.784661
9200,0.9393351
9201,0.480829
9202,0.9169915
9204,0.8358993
9205,0.9337742
9213,0.9264065
9214,0.96199477
9224,0.9729959
9227,0.92311335
9228,0.94732785
9229,0.94554055
9234,0.88621706
9236,0.90713173
9241,0.9452086
9243,0.2773111
9245,0.41683576
9256,0.41928667
9258,0.10973863
9261,0.14216779
9274,0.13136305
9279,0.2230713
9282,0.1393225
9284,0.20165223
9285,0.0927407
9291,0.08204241
9295,0.15125069
9299,0.10983697
9302,0.094563775
9304,0.100777745
9305,0.08797611
9306,0.033763424
9310,0.078792535
9312,0.5045732
9316,0.18674622
9318,0.28112966
9323,0.13318606
9326,0.13488442
9327,0.13018364
9328,0.1578961
9331,0.41228226
9335,0.42638937
9336,0.07149486
9340,0.07415797
9349,0.7828796
9352,0.4937267
9353,0.085578196
9354,0.58383185
9356,0.3867834
9357,0.09428549
9358,0.31766266
9359,0.40061805
9364,0.09790497
9366,0.9576617
9369,0.083316445
9370,0.09525277
9379,0.081404604
9381,0.097896025
9383,0.17559308
9389,0.16359237
9390,0.33282232
9392,0.88297975
9394,0.33100367
9398,0.60834163
9399,0.34828132
9400,0.18184039
9407,0.9132012
9409,0.69457775
9412,0.6933319
9413,0.893094
9415,0.31816378
9419,0.7328783
9423,0.123296216
9424,0.9050458
9426,0.22712964
9427,0.93685323
9428,0.27743393
9429,0.2090376
9433,0.9202899
9437,0.5320581
9440,0.30316123
9442,0.7728054
9443,0.48478952
9444,0.7790787
9447,0.718695
9459,0.67218864
9461,0.56536025
9462,0.3270566
9464,0.75012624
9473,0.42679936
9475,0.6640754
9476,0.7901988
9477,0.6538795
9478,0.56536025
9479,0.42679936
9483,0.47467884
9487,0.56536025
9494,0.6869415
9497,0.9635618
9498,0.9782681
9506,0.50429106
9512,0.9313812
9514,0.7566347
9515,0.86414605
9516,0.84340614
9517,0.7751536
9518,0.19717118
9521,0.5884462
9523,0.39537823
9527,0.9213148
9528,0.5693
9530,0.30882585
9532,0.5770156
9534,0.7595131
9535,0.18017478
9536,0.9832602
9543,0.21167551
9544,0.2990344
9545,0.24248725
9546,0.5064434
9549,0.29764116
9558,0.3282471
9560,0.16554691
9561,0.18017478
9570,0.18017478
9573,0.2607538
9578,0.30609706
9584,0.15592039
9587,0.28164834
9588,0.18547015
9599,0.4325532
9601,0.13722706
9604,0.27996984
9614,0.8698677
9615,0.9411346
9621,0.87107337
9622,0.8923864
9623,0.3423533
9624,0.69410473
9626,0.9714785
9628,0.92164254
9630,0.17367011
9631,0.8638175
9633,0.3423533
9635,0.96802855
9637,0.9227492
9641,0.1951962
9647,0.8638175
9648,0.822282
9649,0.22007206
9658,0.026884116
9662,0.92655253
9668,0.85329664
9671,0.40342695
9676,0.95159084
9677,0.9735994
9679,0.25380597
9682,0.5716298
9685,0.0373714
9689,0.48202446
9692,0.13854158
9693,0.30071324
9694,0.32853505
9696,0.3796621
9700,0.09645096
9711,0.938953
9713,0.10761228
9720,0.123223595
9721,0.9229513
9725,0.38881466
9726,0.4631456
9727,0.08648403
9735,0.052537467
9740,0.9322989
9742,0.938953
9743,0.26836517
9747,0.938953
9748,0.9390619
9751,0.938953
9758,0.3649304
9767,0.074617
9768,0.16877154
9773,0.3022818
9777,0.2805502
9781,0.24235812
9784,0.16970909
9786,0.29861858
9789,0.4051085
9792,0.097947374
9793,0.068836614
9798,0.4011516
9799,0.41388366
9802,0.16103242
9803,0.71288735
9804,0.09667657
9805,0.09816209
9807,0.24885581
9809,0.19989032
9811,0.36998802
9814,0.54850954
9817,0.18905947
9821,0.44407982
9824,0.11598892
9825,0.372485
9827,0.25421542
9839,0.9247705
9840,0.2046299
9843,0.3158705
9844,0.41560546
9845,0.31723708
9847,0.36031586
9848,0.19444482
9851,0.31723708
9852,0.36056715
9855,0.6204109
9856,0.39904392
9863,0.054892153
9867,0.08909709
9871,0.13989662
9876,0.0708868
9879,0.08563632
9882,0.28878462
9891,0.08959515
9892,0.1314915
9893,0.059094414
9895,0.11354278
9899,0.13677473
9900,0.13172163
9902,0.12130853
9903,0.15010414
9904,0.095835045
9908,0.08131404
9913,0.06758097
9914,0.4975472
9917,0.11729668
9922,0.27629155
9924,0.09283799
9926,0.32906297
9927,0.099745646
9928,0.5459216
9929,0.11066647
9936,0.33088115
9939,0.2720062
9947,0.39021155
9951,0.25033426
9954,0.41431335
9956,0.14909706
9957,0.497623
9959,0.18017478
9962,0.06815479
9964,0.18017478
9966,0.31029683
9968,0.37524682
9969,0.5746231
9970,0.7197077
9975,0.18874103
9977,0.13675348
9981,0.20831773
9993,0.41381243
9996,0.17914268
9997,0.09242633
9999,0.24424218
10002,0.18017478
10007,0.7758151
10015,0.30072162
10019,0.63112056
10022,0.111813806
10024,0.2520425
10026,0.13209508
10033,0.08303533
10043,0.14723508
10046,0.12704062
10051,0.25851393
10053,0.17696033
10062,0.8940841
10063,0.9365641
10065,0.96539867
10068,0.9711702
10078,0.85657424
10086,0.7199857
10094,0.8655986
10095,0.9316978
10096,0.8042643
10097,0.9231145
10103,0.9802082
10104,0.9703444
10108,0.2020164
10122,0.17445633
10123,0.15267819
10128,0.08948451
10131,0.14590181
10133,0.28481779
10134,0.15869081
10135,0.1960087
10145,0.081215635
10148,0.31505617
10154,0.43602145
10155,0.19073956
10158,0.9563018
10160,0.8825414
10161,0.459965
10162,0.723642
10165,0.97131234
10166,0.9242641
10167,0.27016112
10170,0.90150756
10178,0.9809775
10180,0.7701833
10181,0.7752354
10185,0.7864712
10188,0.4230309
10190,0.78926283
10196,0.62055695
10200,0.6502915
10205,0.63665885
10211,0.44439593
10216,0.07884529
10219,0.69025797
10221,0.26895154
10225,0.33179918
10227,0.33485296
10228,0.367734
10230,0.22618875
10232,0.8418626
10233,0.7873928
10235,0.21076968
10238,0.7929862
10240,0.4220033
10242,0.31521899
10248,0.4244459
10254,0.109920874
10257,0.08511282
10261,0.35171765
10262,0.3380412
10266,0.13815941
10267,0.4649054
10271,0.15483826
10277,0.46811157
10279,0.4705929
10281,0.26626733
10282,0.7069977
10285,0.17440946
10292,0.39637312
10298,0.10207258
10300,0.40720072
10309,0.17829326
10311,0.25603226
10312,0.04885831
10319,0.2766538
10324,0.94642836
10326,0.1658146
10328,0.13441779
10343,0.1412051
10346,0.1217763
10347,0.32801324
10353,0.075653926
10354,0.46409252
10356,0.40549386
10357,0.41116
10362,0.11466318
10363,0.16288762
10370,0.88377506
10373,0.3461987
10386,0.18899888
10388,0.19328915
10389,0.23704872
10391,0.9407668
10397,0.23711136
10400,0.13452491
10403,0.09623941
10404,0.79999727
10408,0.18900186
10417,0.5920104
10425,0.5535097
10435,0.8252282
10437,0.8393992
10438,0.9248326
10440,0.84208614
10442,0.60906905
10447,0.9273871
10452,0.78062403
10453,0.6247187
10454,0.9587319
10459,0.87121975
10460,0.8667814
10463,0.69412035
10465,0.8741336
10469,0.8227916
10474,0.8430996
10475,0.97183615
10476,0.44309992
10477,0.7763756
10480,0.95769393
10491,0.8004625
10493,0.8867381
10494,0.98564816
10495,0.6174984
10497,0.8843492
10501,0.9039432
10504,0.6167446
10507,0.89701366
10509,0.99410397
10510,0.43346784
10512,0.9251981
10514,0.9490655
10526,0.8904737
10528,0.96365
10530,0.8172924
10531,0.6840366
10532,0.80944616
10538,0.38834327
10539,0.38999692
10542,0.14523572
10547,0.33441582
10549,0.41699868
10556,0.36238638
10569,0.059687927
10572,0.12974246
10577,0.36855233
10579,0.25348365
10586,0.6857571
10594,0.4311424
10595,0.97362816
10597,0.09907856
10602,0.8298498
10604,0.9040777
10614,0.29321623
10617,0.18017478
10618,0.7854236
10619,0.85587925
10624,0.9034996
10633,0.6857571
10634,0.9633664
10635,0.16210562
10638,0.06240016
10639,0.090417296
10642,0.22858319
10643,0.24653602
10645,0.74574935
10646,0.053400256
10649,0.08843829
10652,0.9874636
10653,0.1594951
10654,0.06436956
10661,0.45156017
10664,0.78305936
10668,0.19640502
10670,0.2884487
10674,0.3104206
10683,0.12101049
10694,0.17098154
10697,0.27287138
10699,0.26639184
10701,0.18017478
10703,0.7351082
10713,0.07845615
10714,0.4215915
10716,0.17829326
10717,0.11633557
10719,0.3011541
10725,0.2165653
10728,0.1861373
10734,0.26847935
10738,0.88544625
10740,0.98773044
10742,0.92851806
10756,0.98773044
10757,0.9162346
10758,0.88544625
10761,0.98773044
10762,0.9465816
10773,0.955539
10778,0.98773044
10781,0.9874013
10791,0.085932076
10792,0.06931704
10796,0.23263155
10797,0.13323033
10801,0.056641884
10804,0.05686914
10806,0.08517055
10807,0.104771405
10816,0.046168495
10820,0.08643436
10828,0.12387727
10836,0.86528605
10838,0.9584021
10845,0.7495678
10856,0.9596586
10857,0.48076034
10858,0.9578535
10861,0.64940584
10865,0.8237634
10868,0.9241532
10874,0.8592633
10875,0.21387629
